{
  "blob": 2.285166176546507,
  "water_stain": 0.3495017701558756,
  "fingerprint": 1.7578201358050047,
  "dust": 0.7280911805109483,
  "streak": 0.33140244902637617,
  "bleeding_ink": 1.0401302578727838,
  "faded_ink": 0.9661878980360821,
  "smudged_calligraphy": 0.5717088154059659,
  "moisture_damage": 0.8613318665444518,
  "soot_stain": 1.352169335234619,
  "atmospheric_grime": 0.509663826357664,
  "coffee_mark": 0.3920490971982031,
  "muddy_mark": 0.6763315286252579,
  "heavy_ink_blotch": 0.7280911805109483,
  "age_rings": 1.567051814351957,
  "ink_halo": 1.7578201358050043,
  "foxing_spots": 0.2688475155045198,
  "uneven_fading": 0.5096638263576639,
  "text_area_smudge": 0.49928824307982245,
  "rust_stains": 2.970716029510458,
  "dark_damage": 0.8769669175598849
}